onset	duration	sample	value
7.6155695226	1000.0000000000	7615.5695	bgin
100.7495644596	1000.0000000000	100749.5645	TRSP
106.3285625633	1000.0000000000	106328.5626	bgin
199.4465648290	1000.0000000000	199446.5648	TRSP
205.7255691942	1000.0000000000	205725.5692	bgin
298.8425656315	1000.0000000000	298842.5656	TRSP
306.7055686470	1000.0000000000	306705.5686	bgin
399.8235709127	1000.0000000000	399823.5709	TRSP
405.2695683297	1000.0000000000	405269.5683	bgin
498.3865647670	1000.0000000000	498386.5648	TRSP
516.8559978809	1000.0000000000	516855.9979	IBEG
533.6889985111	1000.0000000000	533688.9985	IEND
546.3985654619	1000.0000000000	546398.5655	bgin
639.5155719575	1000.0000000000	639515.572	TRSP
646.5785692539	1000.0000000000	646578.5693	bgin
739.6955656912	1000.0000000000	739695.5657	TRSP
746.6085638013	1000.0000000000	746608.5638	bgin
839.7255702969	1000.0000000000	839725.5703	TRSP
848.7545698043	1000.0000000000	848754.5698	bgin
941.8725720700	1000.0000000000	941872.5721	TRSP
956.4685701486	1000.0000000000	956468.5701	bgin
1049.5855665859	1000.0000000000	1049585.5666	TRSP
