onset	duration	sample	value
7.0742385166	1000.0000000000	7074.2385	bgin
100.1952381508	1000.0000000000	100195.2382	TRSP
105.7542403864	1000.0000000000	105754.2404	bgin
198.8922385203	1000.0000000000	198892.2385	TRSP
216.6342364328	1000.0000000000	216634.2364	bgin
309.7512429284	1000.0000000000	309751.2429	TRSP
450.8932353632	1000.0000000000	450893.2354	bgin
544.0102418588	1000.0000000000	544010.2419	TRSP
1337.2489990370	1000.0000000000	1337248.999	IBEG
1373.2730040030	1000.0000000000	1373273.004	IEND
1390.9292449878	1000.0000000000	1390929.245	bgin
1484.0472371953	1000.0000000000	1484047.2372	TRSP
1491.5262451099	1000.0000000000	1491526.2451	bgin
1584.6472447442	1000.0000000000	1584647.2447	TRSP
1591.8902450876	1000.0000000000	1591890.2451	bgin
1685.0072415249	1000.0000000000	1685007.2415	TRSP
1692.0702388214	1000.0000000000	1692070.2388	bgin
1785.1912384557	1000.0000000000	1785191.2385	TRSP
1792.2332441138	1000.0000000000	1792233.2441	bgin
1885.3542437481	1000.0000000000	1885354.2437	TRSP
1892.5302358048	1000.0000000000	1892530.2358	bgin
1985.6512354391	1000.0000000000	1985651.2354	TRSP
