onset	duration	sample	value
20.6974872786	1000.0000000000	20697.4873	bgin
113.8314922738	1000.0000000000	113831.4923	TRSP
136.4274871933	1000.0000000000	136427.4872	bgin
229.5614921886	1000.0000000000	229561.4922	TRSP
238.2074923652	1000.0000000000	238207.4924	bgin
331.3244888026	1000.0000000000	331324.4888	TRSP
341.1374912995	1000.0000000000	341137.4913	bgin
434.2544877368	1000.0000000000	434254.4877	TRSP
481.2189986396	1000.0000000000	481218.9986	IBEG
692.8069980282	1000.0000000000	692806.998	IEND
697.6764847922	1000.0000000000	697676.4848	bgin
790.7954928863	1000.0000000000	790795.4929	TRSP
1066.1314868766	1000.0000000000	1066131.4869	bgin
1159.2484933722	1000.0000000000	1159248.4934	TRSP
1480.3899922806	1000.0000000000	1480389.9923	IBEG
1516.2499969292	1000.0000000000	1516249.9969	IEND
