onset	duration	sample	value
41.9569215593	1000.0000000000	41956.9216	bgin
135.0749238250	1000.0000000000	135074.9238	TRSP
141.3039284614	1000.0000000000	141303.9285	bgin
234.4219307271	1000.0000000000	234421.9307	TRSP
257.6669263510	1000.0000000000	257666.9264	bgin
350.7849286166	1000.0000000000	350784.9286	TRSP
357.8639286426	1000.0000000000	357863.9286	bgin
450.9829266784	1000.0000000000	450982.9267	TRSP
482.3630018947	1000.0000000000	482363.0019	IBEG
712.5369998482	1000.0000000000	712536.9998	IEND
715.8029246000	1000.0000000000	715802.9246	bgin
808.9199210373	1000.0000000000	808919.921	TRSP
1178.9049289045	1000.0000000000	1178904.9289	bgin
1272.0219253418	1000.0000000000	1272021.9253	TRSP
1301.8509226707	1000.0000000000	1301850.9227	bgin
1394.9679291663	1000.0000000000	1394967.9292	TRSP
