onset	duration	sample	value
8.5949949082	1000.0000000000	8594.9949	bgin
101.7129971739	1000.0000000000	101712.9972	TRSP
109.9929965194	1000.0000000000	109992.9965	bgin
203.1259956863	1000.0000000000	203125.9957	TRSP
209.5059952792	1000.0000000000	209505.9953	bgin
302.6229917165	1000.0000000000	302622.9917	TRSP
311.9019898679	1000.0000000000	311901.9899	bgin
405.0199921336	1000.0000000000	405019.9921	TRSP
411.7489940580	1000.0000000000	411748.9941	bgin
504.8669963237	1000.0000000000	504866.9963	TRSP
507.5490075257	1000.0000000000	507549.0075	IBEG
721.8910052534	1000.0000000000	721891.0053	IEND
727.1059940662	1000.0000000000	727105.9941	bgin
820.2229905035	1000.0000000000	820222.9905	TRSP
839.8689913657	1000.0000000000	839868.9914	bgin
932.9869936314	1000.0000000000	932986.9936	TRSP
2330.5720000621	1000.0000000000	2330572.0001	IBEG
2734.8680066969	1000.0000000000	2734868.0067	IEND
2814.2399962153	1000.0000000000	2814239.9962	bgin
2907.3579984810	1000.0000000000	2907357.9985	TRSP
2917.8029931244	1000.0000000000	2917802.9931	bgin
3010.9209953901	1000.0000000000	3010920.9954	TRSP
3023.0169969704	1000.0000000000	3023016.997	bgin
3116.1339934077	1000.0000000000	3116133.9934	TRSP
