onset	duration	sample	value
8.7224148459	1000.0000000000	8722.4148	bgin
101.8404171116	1000.0000000000	101840.4171	TRSP
107.4024167157	1000.0000000000	107402.4167	bgin
200.5204189814	1000.0000000000	200520.419	TRSP
207.4824210502	1000.0000000000	207482.4211	bgin
300.6004132576	1000.0000000000	300600.4133	TRSP
417.2629971303	1000.0000000000	417262.9971	IBEG
429.6100031830	1000.0000000000	429610.0032	IEND
629.0194124229	1000.0000000000	629019.4124	bgin
722.1374146886	1000.0000000000	722137.4147	TRSP
731.8994116284	1000.0000000000	731899.4116	bgin
825.0174138941	1000.0000000000	825017.4139	TRSP
944.3599973119	1000.0000000000	944359.9973	IBEG
1508.9860033489	1000.0000000000	1508986.0033	IEND
1517.8084157653	1000.0000000000	1517808.4158	bgin
1610.9254122026	1000.0000000000	1610925.4122	TRSP
1746.6579992570	1000.0000000000	1746657.9993	IBEG
1848.6380033441	1000.0000000000	1848638.0033	IEND
